Folder,Subfolders,Files,Size (Bytes)
/srv/wordpress,2,1,611
/srv/wordpress/wp_data,3,19,199559
/srv/wordpress/wp_data/wp-admin,7,93,945386
/srv/wordpress/wp_data/wp-admin/maint,0,1,7628
/srv/wordpress/wp_data/wp-admin/network,0,30,127749
/srv/wordpress/wp_data/wp-admin/css,1,100,1994251
/srv/wordpress/wp_data/wp-admin/css/colors,8,3,26228
/srv/wordpress/wp_data/wp-admin/css/colors/ectoplasm,0,5,83904
/srv/wordpress/wp_data/wp-admin/css/colors/ocean,0,5,79479
/srv/wordpress/wp_data/wp-admin/css/colors/coffee,0,5,80373
/srv/wordpress/wp_data/wp-admin/css/colors/blue,0,5,82461
/srv/wordpress/wp_data/wp-admin/css/colors/modern,0,5,83532
/srv/wordpress/wp_data/wp-admin/css/colors/sunrise,0,5,86133
/srv/wordpress/wp_data/wp-admin/css/colors/midnight,0,5,84683
/srv/wordpress/wp_data/wp-admin/css/colors/light,0,5,83287
/srv/wordpress/wp_data/wp-admin/includes,0,106,3102732
/srv/wordpress/wp_data/wp-admin/images,0,79,428376
/srv/wordpress/wp_data/wp-admin/user,0,10,3758
/srv/wordpress/wp_data/wp-admin/js,1,97,1866834
/srv/wordpress/wp_data/wp-admin/js/widgets,0,14,139432
/srv/wordpress/wp_data/wp-includes,29,249,7729882
/srv/wordpress/wp_data/wp-includes/ID3,0,18,1165755
/srv/wordpress/wp_data/wp-includes/block-bindings,0,4,9582
/srv/wordpress/wp_data/wp-includes/Text,1,2,12199
/srv/wordpress/wp_data/wp-includes/Text/Diff,2,1,6806
/srv/wordpress/wp_data/wp-includes/Text/Diff/Renderer,0,1,5528
/srv/wordpress/wp_data/wp-includes/Text/Diff/Engine,0,4,31802
/srv/wordpress/wp_data/wp-includes/rest-api,3,3,91927
/srv/wordpress/wp_data/wp-includes/rest-api/endpoints,0,44,907136
/srv/wordpress/wp_data/wp-includes/rest-api/fields,0,5,22750
/srv/wordpress/wp_data/wp-includes/rest-api/search,0,4,16917
/srv/wordpress/wp_data/wp-includes/PHPMailer,0,7,269336
/srv/wordpress/wp_data/wp-includes/css,1,42,644443
/srv/wordpress/wp_data/wp-includes/css/dist,19,0,0
/srv/wordpress/wp_data/wp-includes/css/dist/preferences,0,4,4356
/srv/wordpress/wp_data/wp-includes/css/dist/edit-site,0,8,783976
/srv/wordpress/wp_data/wp-includes/css/dist/reusable-blocks,0,4,2444
/srv/wordpress/wp_data/wp-includes/css/dist/commands,0,4,29246
/srv/wordpress/wp_data/wp-includes/css/dist/editor,0,4,250472
/srv/wordpress/wp_data/wp-includes/css/dist/admin-ui,0,4,5114
/srv/wordpress/wp_data/wp-includes/css/dist/edit-post,0,8,66228
/srv/wordpress/wp_data/wp-includes/css/dist/base-styles,0,4,15340
/srv/wordpress/wp_data/wp-includes/css/dist/edit-widgets,0,4,98410
/srv/wordpress/wp_data/wp-includes/css/dist/list-reusable-blocks,0,4,17728
/srv/wordpress/wp_data/wp-includes/css/dist/patterns,0,4,7596
/srv/wordpress/wp_data/wp-includes/css/dist/block-directory,0,4,15808
/srv/wordpress/wp_data/wp-includes/css/dist/customize-widgets,0,4,25450
/srv/wordpress/wp_data/wp-includes/css/dist/block-editor,0,12,622813
/srv/wordpress/wp_data/wp-includes/css/dist/format-library,0,4,3214
/srv/wordpress/wp_data/wp-includes/css/dist/nux,0,4,9830
/srv/wordpress/wp_data/wp-includes/css/dist/components,0,4,418369
/srv/wordpress/wp_data/wp-includes/css/dist/block-library,0,32,821782
/srv/wordpress/wp_data/wp-includes/css/dist/widgets,0,4,23894
/srv/wordpress/wp_data/wp-includes/SimplePie,2,1,2053
/srv/wordpress/wp_data/wp-includes/SimplePie/src,6,22,557427
/srv/wordpress/wp_data/wp-includes/SimplePie/src/Net,0,1,7380
/srv/wordpress/wp_data/wp-includes/SimplePie/src/HTTP,0,8,34052
/srv/wordpress/wp_data/wp-includes/SimplePie/src/XML,1,0,0
/srv/wordpress/wp_data/wp-includes/SimplePie/src/XML/Declaration,0,1,7744
/srv/wordpress/wp_data/wp-includes/SimplePie/src/Content,1,0,0
/srv/wordpress/wp_data/wp-includes/SimplePie/src/Content/Type,0,1,7646
/srv/wordpress/wp_data/wp-includes/SimplePie/src/Cache,0,12,46444
/srv/wordpress/wp_data/wp-includes/SimplePie/src/Parse,0,1,25734
/srv/wordpress/wp_data/wp-includes/SimplePie/library,1,1,15353
/srv/wordpress/wp_data/wp-includes/SimplePie/library/SimplePie,7,21,11297
/srv/wordpress/wp_data/wp-includes/SimplePie/library/SimplePie/Net,0,1,553
/srv/wordpress/wp_data/wp-includes/SimplePie/library/SimplePie/HTTP,0,1,664
/srv/wordpress/wp_data/wp-includes/SimplePie/library/SimplePie/Decode,1,0,0
/srv/wordpress/wp_data/wp-includes/SimplePie/library/SimplePie/Decode/HTML,0,1,22661
/srv/wordpress/wp_data/wp-includes/SimplePie/library/SimplePie/XML,1,0,0
/srv/wordpress/wp_data/wp-includes/SimplePie/library/SimplePie/XML/Declaration,0,1,639
/srv/wordpress/wp_data/wp-includes/SimplePie/library/SimplePie/Content,1,0,0
/srv/wordpress/wp_data/wp-includes/SimplePie/library/SimplePie/Content/Type,0,1,628
/srv/wordpress/wp_data/wp-includes/SimplePie/library/SimplePie/Cache,0,7,4035
/srv/wordpress/wp_data/wp-includes/SimplePie/library/SimplePie/Parse,0,1,565
/srv/wordpress/wp_data/wp-includes/assets,0,8,29678
/srv/wordpress/wp_data/wp-includes/images,3,25,71292
/srv/wordpress/wp_data/wp-includes/images/smilies,0,26,10082
/srv/wordpress/wp_data/wp-includes/images/crystal,0,10,15541
/srv/wordpress/wp_data/wp-includes/images/media,0,18,5263
/srv/wordpress/wp_data/wp-includes/block-patterns,0,7,8951
/srv/wordpress/wp_data/wp-includes/block-supports,0,19,134988
/srv/wordpress/wp_data/wp-includes/pomo,0,6,57146
/srv/wordpress/wp_data/wp-includes/interactivity-api,0,3,62890
/srv/wordpress/wp_data/wp-includes/certificates,0,1,234150
/srv/wordpress/wp_data/wp-includes/blocks,106,82,656244
/srv/wordpress/wp_data/wp-includes/blocks/post-time-to-read,0,5,1625
/srv/wordpress/wp_data/wp-includes/blocks/columns,0,9,9271
/srv/wordpress/wp_data/wp-includes/blocks/legacy-widget,0,1,556
/srv/wordpress/wp_data/wp-includes/blocks/term-description,0,5,2112
/srv/wordpress/wp_data/wp-includes/blocks/text-columns,0,9,3054
/srv/wordpress/wp_data/wp-includes/blocks/query-pagination-next,0,1,1039
/srv/wordpress/wp_data/wp-includes/blocks/missing,0,1,678
/srv/wordpress/wp_data/wp-includes/blocks/gallery,0,13,78286
/srv/wordpress/wp_data/wp-includes/blocks/term-name,0,5,1577
/srv/wordpress/wp_data/wp-includes/blocks/post-comments-count,0,5,1372
/srv/wordpress/wp_data/wp-includes/blocks/site-tagline,0,9,2148
/srv/wordpress/wp_data/wp-includes/blocks/post-template,0,5,7967
/srv/wordpress/wp_data/wp-includes/blocks/query-title,0,5,1750
/srv/wordpress/wp_data/wp-includes/blocks/comments-pagination,0,9,6147
/srv/wordpress/wp_data/wp-includes/blocks/table,0,13,27622
/srv/wordpress/wp_data/wp-includes/blocks/comment-reply-link,0,5,1447
/srv/wordpress/wp_data/wp-includes/blocks/query-pagination,0,9,5775
/srv/wordpress/wp_data/wp-includes/blocks/comment-date,0,5,1562
/srv/wordpress/wp_data/wp-includes/blocks/post-date,0,5,1623
/srv/wordpress/wp_data/wp-includes/blocks/cover,0,9,87939
/srv/wordpress/wp_data/wp-includes/blocks/post-featured-image,0,9,30219
/srv/wordpress/wp_data/wp-includes/blocks/video,0,13,8626
/srv/wordpress/wp_data/wp-includes/blocks/accordion-panel,0,5,2096
/srv/wordpress/wp_data/wp-includes/blocks/post-excerpt,0,9,3307
/srv/wordpress/wp_data/wp-includes/blocks/list-item,0,1,1471
/srv/wordpress/wp_data/wp-includes/blocks/comment-edit-link,0,5,1654
/srv/wordpress/wp_data/wp-includes/blocks/post-author-biography,0,5,1507
/srv/wordpress/wp_data/wp-includes/blocks/image,0,17,59767
/srv/wordpress/wp_data/wp-includes/blocks/comment-content,0,5,1838
/srv/wordpress/wp_data/wp-includes/blocks/home-link,0,1,1152
/srv/wordpress/wp_data/wp-includes/blocks/button,0,9,14327
/srv/wordpress/wp_data/wp-includes/blocks/comments-pagination-numbers,0,5,1833
/srv/wordpress/wp_data/wp-includes/blocks/accordion,0,5,2137
/srv/wordpress/wp_data/wp-includes/blocks/freeform,0,5,41702
/srv/wordpress/wp_data/wp-includes/blocks/archives,0,9,2057
/srv/wordpress/wp_data/wp-includes/blocks/accordion-item,0,5,2896
/srv/wordpress/wp_data/wp-includes/blocks/comments-pagination-next,0,1,1011
/srv/wordpress/wp_data/wp-includes/blocks/latest-comments,0,5,6816
/srv/wordpress/wp_data/wp-includes/blocks/quote,0,9,7191
/srv/wordpress/wp_data/wp-includes/blocks/comments,0,9,29695
/srv/wordpress/wp_data/wp-includes/blocks/term-template,0,9,3560
/srv/wordpress/wp_data/wp-includes/blocks/query,0,9,13922
/srv/wordpress/wp_data/wp-includes/blocks/site-logo,0,9,15830
/srv/wordpress/wp_data/wp-includes/blocks/tag-cloud,0,9,3996
/srv/wordpress/wp_data/wp-includes/blocks/comments-pagination-previous,0,1,1023
/srv/wordpress/wp_data/wp-includes/blocks/terms-query,0,1,905
/srv/wordpress/wp_data/wp-includes/blocks/query-total,0,5,1520
/srv/wordpress/wp_data/wp-includes/blocks/media-text,0,9,16728
/srv/wordpress/wp_data/wp-includes/blocks/social-link,0,5,3510
/srv/wordpress/wp_data/wp-includes/blocks/term-count,0,5,1462
/srv/wordpress/wp_data/wp-includes/blocks/loginout,0,5,1474
/srv/wordpress/wp_data/wp-includes/blocks/site-title,0,9,3051
/srv/wordpress/wp_data/wp-includes/blocks/block,0,1,587
/srv/wordpress/wp_data/wp-includes/blocks/nextpage,0,5,3039
/srv/wordpress/wp_data/wp-includes/blocks/paragraph,0,9,7441
/srv/wordpress/wp_data/wp-includes/blocks/separator,0,13,5126
/srv/wordpress/wp_data/wp-includes/blocks/widget-group,0,1,400
/srv/wordpress/wp_data/wp-includes/blocks/post-author-name,0,5,1673
/srv/wordpress/wp_data/wp-includes/blocks/search,0,17,19425
/srv/wordpress/wp_data/wp-includes/blocks/html,0,5,4064
/srv/wordpress/wp_data/wp-includes/blocks/math,0,9,1115
/srv/wordpress/wp_data/wp-includes/blocks/post-content,0,5,1913
/srv/wordpress/wp_data/wp-includes/blocks/social-links,0,9,54929
/srv/wordpress/wp_data/wp-includes/blocks/avatar,0,9,2355
/srv/wordpress/wp_data/wp-includes/blocks/rss,0,9,5025
/srv/wordpress/wp_data/wp-includes/blocks/list,0,5,2285
/srv/wordpress/wp_data/wp-includes/blocks/spacer,0,9,4737
/srv/wordpress/wp_data/wp-includes/blocks/read-more,0,5,2450
/srv/wordpress/wp_data/wp-includes/blocks/group,0,13,8413
/srv/wordpress/wp_data/wp-includes/blocks/column,0,1,1616
/srv/wordpress/wp_data/wp-includes/blocks/accordion-heading,0,5,6957
/srv/wordpress/wp_data/wp-includes/blocks/footnotes,0,5,2642
/srv/wordpress/wp_data/wp-includes/blocks/navigation-link,0,9,11460
/srv/wordpress/wp_data/wp-includes/blocks/file,0,13,11203
/srv/wordpress/wp_data/wp-includes/blocks/query-pagination-previous,0,1,1051
/srv/wordpress/wp_data/wp-includes/blocks/more,0,5,3270
/srv/wordpress/wp_data/wp-includes/blocks/details,0,9,2249
/srv/wordpress/wp_data/wp-includes/blocks/preformatted,0,5,1907
/srv/wordpress/wp_data/wp-includes/blocks/comments-title,0,5,1745
/srv/wordpress/wp_data/wp-includes/blocks/calendar,0,5,3821
/srv/wordpress/wp_data/wp-includes/blocks/pullquote,0,13,8775
/srv/wordpress/wp_data/wp-includes/blocks/shortcode,0,5,2940
/srv/wordpress/wp_data/wp-includes/blocks/latest-posts,0,9,11447
/srv/wordpress/wp_data/wp-includes/blocks/categories,0,9,4020
/srv/wordpress/wp_data/wp-includes/blocks/navigation-submenu,0,5,6226
/srv/wordpress/wp_data/wp-includes/blocks/post-terms,0,5,2025
/srv/wordpress/wp_data/wp-includes/blocks/buttons,0,9,11567
/srv/wordpress/wp_data/wp-includes/blocks/page-list,0,9,7860
/srv/wordpress/wp_data/wp-includes/blocks/audio,0,13,3675
/srv/wordpress/wp_data/wp-includes/blocks/heading,0,5,6486
/srv/wordpress/wp_data/wp-includes/blocks/post-author,0,5,3388
/srv/wordpress/wp_data/wp-includes/blocks/code,0,13,2850
/srv/wordpress/wp_data/wp-includes/blocks/comment-author-name,0,5,1677
/srv/wordpress/wp_data/wp-includes/blocks/query-no-results,0,1,901
/srv/wordpress/wp_data/wp-includes/blocks/query-pagination-numbers,0,5,1942
/srv/wordpress/wp_data/wp-includes/blocks/page-list-item,0,1,1109
/srv/wordpress/wp_data/wp-includes/blocks/post-navigation-link,0,5,4032
/srv/wordpress/wp_data/wp-includes/blocks/navigation,0,15,133575
/srv/wordpress/wp_data/wp-includes/blocks/comment-template,0,5,3037
/srv/wordpress/wp_data/wp-includes/blocks/template-part,0,9,6686
/srv/wordpress/wp_data/wp-includes/blocks/verse,0,5,2144
/srv/wordpress/wp_data/wp-includes/blocks/post-comments-form,0,9,10061
/srv/wordpress/wp_data/wp-includes/blocks/post-comments-link,0,5,1525
/srv/wordpress/wp_data/wp-includes/blocks/post-title,0,5,2849
/srv/wordpress/wp_data/wp-includes/blocks/embed,0,13,11420
/srv/wordpress/wp_data/wp-includes/blocks/pattern,0,1,434
/srv/wordpress/wp_data/wp-includes/theme-compat,0,9,15656
/srv/wordpress/wp_data/wp-includes/Requests,2,0,0
/srv/wordpress/wp_data/wp-includes/Requests/src,7,17,135517
/srv/wordpress/wp_data/wp-includes/Requests/src/Utility,0,3,7176
/srv/wordpress/wp_data/wp-includes/Requests/src/Exception,2,4,4352
/srv/wordpress/wp_data/wp-includes/Requests/src/Exception/Transport,0,1,1397
/srv/wordpress/wp_data/wp-includes/Requests/src/Exception/Http,0,33,16715
/srv/wordpress/wp_data/wp-includes/Requests/src/Cookie,0,1,4363
/srv/wordpress/wp_data/wp-includes/Requests/src/Proxy,0,1,4217
/srv/wordpress/wp_data/wp-includes/Requests/src/Transport,0,2,35470
/srv/wordpress/wp_data/wp-includes/Requests/src/Response,0,1,3101
/srv/wordpress/wp_data/wp-includes/Requests/src/Auth,0,1,2541
/srv/wordpress/wp_data/wp-includes/Requests/library,0,1,261
/srv/wordpress/wp_data/wp-includes/fonts,0,10,327011
/srv/wordpress/wp_data/wp-includes/abilities-api,0,4,47953
/srv/wordpress/wp_data/wp-includes/sodium_compat,3,4,6475
/srv/wordpress/wp_data/wp-includes/sodium_compat/namespaced,1,3,254
/srv/wordpress/wp_data/wp-includes/sodium_compat/namespaced/Core,3,13,1288
/srv/wordpress/wp_data/wp-includes/sodium_compat/namespaced/Core/Curve25519,1,2,218
/srv/wordpress/wp_data/wp-includes/sodium_compat/namespaced/Core/Curve25519/Ge,0,5,602
/srv/wordpress/wp_data/wp-includes/sodium_compat/namespaced/Core/Poly1305,0,1,112
/srv/wordpress/wp_data/wp-includes/sodium_compat/namespaced/Core/ChaCha20,0,2,224
/srv/wordpress/wp_data/wp-includes/sodium_compat/src,3,5,329422
/srv/wordpress/wp_data/wp-includes/sodium_compat/src/Core,7,17,311414
/srv/wordpress/wp_data/wp-includes/sodium_compat/src/Core/AEGIS,0,2,14759
/srv/wordpress/wp_data/wp-includes/sodium_compat/src/Core/Curve25519,1,3,117027
/srv/wordpress/wp_data/wp-includes/sodium_compat/src/Core/Curve25519/Ge,0,5,10572
/srv/wordpress/wp_data/wp-includes/sodium_compat/src/Core/Poly1305,0,1,12912
/srv/wordpress/wp_data/wp-includes/sodium_compat/src/Core/SecretStream,0,1,3624
/srv/wordpress/wp_data/wp-includes/sodium_compat/src/Core/ChaCha20,0,2,5739
/srv/wordpress/wp_data/wp-includes/sodium_compat/src/Core/Base64,0,2,16959
/srv/wordpress/wp_data/wp-includes/sodium_compat/src/Core/AES,0,3,12651
/srv/wordpress/wp_data/wp-includes/sodium_compat/src/Core32,4,15,288323
/srv/wordpress/wp_data/wp-includes/sodium_compat/src/Core32/Curve25519,1,3,114513
/srv/wordpress/wp_data/wp-includes/sodium_compat/src/Core32/Curve25519/Ge,0,5,8177
/srv/wordpress/wp_data/wp-includes/sodium_compat/src/Core32/Poly1305,0,1,15965
/srv/wordpress/wp_data/wp-includes/sodium_compat/src/Core32/SecretStream,0,1,3656
/srv/wordpress/wp_data/wp-includes/sodium_compat/src/Core32/ChaCha20,0,2,6407
/srv/wordpress/wp_data/wp-includes/sodium_compat/src/PHP52,0,1,4910
/srv/wordpress/wp_data/wp-includes/sodium_compat/lib,0,9,99005
/srv/wordpress/wp_data/wp-includes/html-api,0,14,541771
/srv/wordpress/wp_data/wp-includes/l10n,0,5,31243
/srv/wordpress/wp_data/wp-includes/IXR,0,10,34269
/srv/wordpress/wp_data/wp-includes/php-compat,0,1,1253
/srv/wordpress/wp_data/wp-includes/customize,0,36,178682
/srv/wordpress/wp_data/wp-includes/js,11,101,2401975
/srv/wordpress/wp_data/wp-includes/js/jquery,1,18,517334
/srv/wordpress/wp_data/wp-includes/js/jquery/ui,0,74,787634
/srv/wordpress/wp_data/wp-includes/js/dist,3,126,19359817
/srv/wordpress/wp_data/wp-includes/js/dist/vendor,0,31,2665433
/srv/wordpress/wp_data/wp-includes/js/dist/script-modules,5,0,0
/srv/wordpress/wp_data/wp-includes/js/dist/script-modules/a11y,0,2,3461
/srv/wordpress/wp_data/wp-includes/js/dist/script-modules/interactivity-router,0,2,74292
/srv/wordpress/wp_data/wp-includes/js/dist/script-modules/block-editor,1,0,0
/srv/wordpress/wp_data/wp-includes/js/dist/script-modules/block-editor/utils,0,2,5114
/srv/wordpress/wp_data/wp-includes/js/dist/script-modules/interactivity,0,4,281161
/srv/wordpress/wp_data/wp-includes/js/dist/script-modules/block-library,7,0,0
/srv/wordpress/wp_data/wp-includes/js/dist/script-modules/block-library/form,0,2,2255
/srv/wordpress/wp_data/wp-includes/js/dist/script-modules/block-library/image,0,2,17181
/srv/wordpress/wp_data/wp-includes/js/dist/script-modules/block-library/accordion,0,2,7101
/srv/wordpress/wp_data/wp-includes/js/dist/script-modules/block-library/query,0,2,6173
/srv/wordpress/wp_data/wp-includes/js/dist/script-modules/block-library/search,0,2,5263
/srv/wordpress/wp_data/wp-includes/js/dist/script-modules/block-library/file,0,2,3161
/srv/wordpress/wp_data/wp-includes/js/dist/script-modules/block-library/navigation,0,2,10984
/srv/wordpress/wp_data/wp-includes/js/dist/development,0,4,179856
/srv/wordpress/wp_data/wp-includes/js/imgareaselect,0,5,49553
/srv/wordpress/wp_data/wp-includes/js/mediaelement,1,18,702427
/srv/wordpress/wp_data/wp-includes/js/mediaelement/renderers,0,2,18880
/srv/wordpress/wp_data/wp-includes/js/crop,0,4,20004
/srv/wordpress/wp_data/wp-includes/js/plupload,0,9,490958
/srv/wordpress/wp_data/wp-includes/js/thickbox,0,4,31313
/srv/wordpress/wp_data/wp-includes/js/tinymce,5,5,1080474
/srv/wordpress/wp_data/wp-includes/js/tinymce/langs,0,1,15529
/srv/wordpress/wp_data/wp-includes/js/tinymce/utils,0,4,18826
/srv/wordpress/wp_data/wp-includes/js/tinymce/themes,2,0,0
/srv/wordpress/wp_data/wp-includes/js/tinymce/themes/inlite,0,2,452642
/srv/wordpress/wp_data/wp-includes/js/tinymce/themes/modern,0,2,446221
/srv/wordpress/wp_data/wp-includes/js/tinymce/skins,2,0,0
/srv/wordpress/wp_data/wp-includes/js/tinymce/skins/wordpress,1,1,8760
/srv/wordpress/wp_data/wp-includes/js/tinymce/skins/wordpress/images,0,15,16653
/srv/wordpress/wp_data/wp-includes/js/tinymce/skins/lightgray,2,3,51638
/srv/wordpress/wp_data/wp-includes/js/tinymce/skins/lightgray/fonts,0,8,155760
/srv/wordpress/wp_data/wp-includes/js/tinymce/skins/lightgray/img,0,4,2856
/srv/wordpress/wp_data/wp-includes/js/tinymce/plugins,22,0,0
/srv/wordpress/wp_data/wp-includes/js/tinymce/plugins/wpdialogs,0,2,3761
/srv/wordpress/wp_data/wp-includes/js/tinymce/plugins/charmap,0,2,31811
/srv/wordpress/wp_data/wp-includes/js/tinymce/plugins/wpemoji,0,2,5099
/srv/wordpress/wp_data/wp-includes/js/tinymce/plugins/wpgallery,0,2,4806
/srv/wordpress/wp_data/wp-includes/js/tinymce/plugins/paste,0,2,113193
/srv/wordpress/wp_data/wp-includes/js/tinymce/plugins/wpview,0,2,8985
/srv/wordpress/wp_data/wp-includes/js/tinymce/plugins/image,0,2,55874
/srv/wordpress/wp_data/wp-includes/js/tinymce/plugins/textcolor,0,2,16237
/srv/wordpress/wp_data/wp-includes/js/tinymce/plugins/wordpress,0,2,50553
/srv/wordpress/wp_data/wp-includes/js/tinymce/plugins/wplink,0,2,26786
/srv/wordpress/wp_data/wp-includes/js/tinymce/plugins/compat3x,1,2,13579
/srv/wordpress/wp_data/wp-includes/js/tinymce/plugins/compat3x/css,0,1,8179
/srv/wordpress/wp_data/wp-includes/js/tinymce/plugins/lists,0,2,97383
/srv/wordpress/wp_data/wp-includes/js/tinymce/plugins/colorpicker,0,2,4910
/srv/wordpress/wp_data/wp-includes/js/tinymce/plugins/wptextpattern,0,2,11923
/srv/wordpress/wp_data/wp-includes/js/tinymce/plugins/media,0,2,57914
/srv/wordpress/wp_data/wp-includes/js/tinymce/plugins/link,0,2,32949
/srv/wordpress/wp_data/wp-includes/js/tinymce/plugins/tabfocus,0,2,5336
/srv/wordpress/wp_data/wp-includes/js/tinymce/plugins/wpautoresize,0,2,8332
/srv/wordpress/wp_data/wp-includes/js/tinymce/plugins/hr,0,2,1347
/srv/wordpress/wp_data/wp-includes/js/tinymce/plugins/directionality,0,2,2749
/srv/wordpress/wp_data/wp-includes/js/tinymce/plugins/fullscreen,0,2,7779
/srv/wordpress/wp_data/wp-includes/js/tinymce/plugins/wpeditimage,0,2,37709
/srv/wordpress/wp_data/wp-includes/js/codemirror,0,8,1287141
/srv/wordpress/wp_data/wp-includes/js/swfupload,0,4,0
/srv/wordpress/wp_data/wp-includes/js/jcrop,0,3,24976
/srv/wordpress/wp_data/wp-includes/sitemaps,1,6,29948
/srv/wordpress/wp_data/wp-includes/sitemaps/providers,0,3,17599
/srv/wordpress/wp_data/wp-includes/style-engine,0,5,48218
/srv/wordpress/wp_data/wp-includes/widgets,0,20,160197
/srv/wordpress/wp_data/wp-content,3,1,28
/srv/wordpress/wp_data/wp-content/themes,3,1,28
/srv/wordpress/wp_data/wp-content/themes/twentytwentyfour,5,5,754080
/srv/wordpress/wp_data/wp-content/themes/twentytwentyfour/parts,0,4,1473
/srv/wordpress/wp_data/wp-content/themes/twentytwentyfour/templates,0,11,12788
/srv/wordpress/wp_data/wp-content/themes/twentytwentyfour/assets,3,0,0
/srv/wordpress/wp_data/wp-content/themes/twentytwentyfour/assets/css,0,1,357
/srv/wordpress/wp_data/wp-content/themes/twentytwentyfour/assets/images,0,10,1152100
/srv/wordpress/wp_data/wp-content/themes/twentytwentyfour/assets/fonts,4,0,0
/srv/wordpress/wp_data/wp-content/themes/twentytwentyfour/assets/fonts/jost,0,3,116852
/srv/wordpress/wp_data/wp-content/themes/twentytwentyfour/assets/fonts/instrument-sans,0,3,187522
/srv/wordpress/wp_data/wp-content/themes/twentytwentyfour/assets/fonts/cardo,0,4,388180
/srv/wordpress/wp_data/wp-content/themes/twentytwentyfour/assets/fonts/inter,0,2,331004
/srv/wordpress/wp_data/wp-content/themes/twentytwentyfour/patterns,0,57,159393
/srv/wordpress/wp_data/wp-content/themes/twentytwentyfour/styles,0,7,33899
/srv/wordpress/wp_data/wp-content/themes/twentytwentythree,5,4,100901
/srv/wordpress/wp_data/wp-content/themes/twentytwentythree/parts,0,4,878
/srv/wordpress/wp_data/wp-content/themes/twentytwentythree/templates,0,9,10295
/srv/wordpress/wp_data/wp-content/themes/twentytwentythree/assets,1,0,0
/srv/wordpress/wp_data/wp-content/themes/twentytwentythree/assets/fonts,4,0,0
/srv/wordpress/wp_data/wp-content/themes/twentytwentythree/assets/fonts/dm-sans,0,5,128429
/srv/wordpress/wp_data/wp-content/themes/twentytwentythree/assets/fonts/source-serif-pro,0,5,1409152
/srv/wordpress/wp_data/wp-content/themes/twentytwentythree/assets/fonts/ibm-plex-mono,0,5,148118
/srv/wordpress/wp_data/wp-content/themes/twentytwentythree/assets/fonts/inter,0,2,807760
/srv/wordpress/wp_data/wp-content/themes/twentytwentythree/patterns,0,7,9785
/srv/wordpress/wp_data/wp-content/themes/twentytwentythree/styles,0,10,53195
/srv/wordpress/wp_data/wp-content/themes/twentytwentyfive,5,9,304875
/srv/wordpress/wp_data/wp-content/themes/twentytwentyfive/parts,0,7,440
/srv/wordpress/wp_data/wp-content/themes/twentytwentyfive/templates,0,8,5339
/srv/wordpress/wp_data/wp-content/themes/twentytwentyfive/assets,3,0,0
/srv/wordpress/wp_data/wp-content/themes/twentytwentyfive/assets/css,0,1,157
/srv/wordpress/wp_data/wp-content/themes/twentytwentyfive/assets/images,0,36,1945719
/srv/wordpress/wp_data/wp-content/themes/twentytwentyfive/assets/fonts,9,0,0
/srv/wordpress/wp_data/wp-content/themes/twentytwentyfive/assets/fonts/platypi,0,2,142896
/srv/wordpress/wp_data/wp-content/themes/twentytwentyfive/assets/fonts/literata,0,16,1698956
/srv/wordpress/wp_data/wp-content/themes/twentytwentyfive/assets/fonts/manrope,0,1,53600
/srv/wordpress/wp_data/wp-content/themes/twentytwentyfive/assets/fonts/roboto-slab,0,1,115804
/srv/wordpress/wp_data/wp-content/themes/twentytwentyfive/assets/fonts/vollkorn,0,2,357316
/srv/wordpress/wp_data/wp-content/themes/twentytwentyfive/assets/fonts/beiruti,0,1,176048
/srv/wordpress/wp_data/wp-content/themes/twentytwentyfive/assets/fonts/ysabeau-office,0,2,299520
/srv/wordpress/wp_data/wp-content/themes/twentytwentyfive/assets/fonts/fira-code,0,1,106112
/srv/wordpress/wp_data/wp-content/themes/twentytwentyfive/assets/fonts/fira-sans,0,18,2778636
/srv/wordpress/wp_data/wp-content/themes/twentytwentyfive/patterns,0,98,346749
/srv/wordpress/wp_data/wp-content/themes/twentytwentyfive/styles,4,8,64829
/srv/wordpress/wp_data/wp-content/themes/twentytwentyfive/styles/colors,0,8,25175
/srv/wordpress/wp_data/wp-content/themes/twentytwentyfive/styles/sections,0,5,10657
/srv/wordpress/wp_data/wp-content/themes/twentytwentyfive/styles/blocks,0,4,1977
/srv/wordpress/wp_data/wp-content/themes/twentytwentyfive/styles/typography,0,7,38357
/srv/wordpress/wp_data/wp-content/plugins,1,2,2699
/srv/wordpress/wp_data/wp-content/plugins/akismet,2,13,244985
/srv/wordpress/wp_data/wp-content/plugins/akismet/views,0,13,52607
/srv/wordpress/wp_data/wp-content/plugins/akismet/_inc,3,5,48163
/srv/wordpress/wp_data/wp-content/plugins/akismet/_inc/fonts,0,1,2193
/srv/wordpress/wp_data/wp-content/plugins/akismet/_inc/rtl,0,2,23044
/srv/wordpress/wp_data/wp-content/plugins/akismet/_inc/img,0,5,18257
/srv/wordpress/wp_data/wp-content/uploads,1,0,0
/srv/wordpress/wp_data/wp-content/uploads/2026,1,0,0
/srv/wordpress/wp_data/wp-content/uploads/2026/02,0,0,0
/srv/wordpress/db_data,4,14,162231162
